clientid,fullname,phonenumber,email,preferredcategory,budget
21,Anna Stevens,123-555-1001,anna.stevens@example.com,Apartment,150000,00
22,Henry Harris,123-555-1002,henry.harris@example.com,House,350000,00
23,Sophia Lewis,123-555-1003,sophia.lewis@example.com,Condo,250000,00
24,Daniel Walker,123-555-1004,daniel.walker@example.com,Villa,500000,00
25,Elizabeth King,123-555-1005,elizabeth.king@example.com,Townhouse,280000,00
26,William Scott,123-555-1006,william.scott@example.com,Studio,180000,00
27,Lily Moore,123-555-1007,lily.moore@example.com,Loft,220000,00
28,Zachary Young,123-555-1008,zachary.young@example.com,Bungalow,210000,00
29,Grace Harris,123-555-1009,grace.harris@example.com,Office,100000,00
30,Oliver Carter,123-555-1010,oliver.carter@example.com,Retail,50000,00
31,Chloe Taylor,123-555-1011,chloe.taylor@example.com,Apartment,160000,00
32,Matthew Allen,123-555-1012,matthew.allen@example.com,Condo,230000,00
33,Lucas Wilson,123-555-1013,lucas.wilson@example.com,House,300000,00
34,Amelia Lee,123-555-1014,amelia.lee@example.com,Mansion,800000,00
35,Jack Adams,123-555-1015,jack.adams@example.com,Farmhouse,400000,00
36,Eva Baker,123-555-1016,eva.baker@example.com,Industrial,70000,00
37,Henry Clark,123-555-1017,henry.clark@example.com,Retail,150000,00
38,Ella Perez,123-555-1018,ella.perez@example.com,Condo,240000,00
39,Samuel Jackson,123-555-1019,samuel.jackson@example.com,Penthouse,600000,00
40,Mason White,123-555-1020,mason.white@example.com,Warehouse,120000,00
66,Carlos Méndez,+34 612 345 683,carlos.mendez@example.com,Apartment,200000,00
67,Juan García,+34 612 345 684,juan.garcia@example.com,Condo,280000,00
68,Luis Hernández,+34 612 345 685,luis.hernandez@example.com,Loft,230000,00
69,Alba Rodríguez,+34 612 345 686,alba.rodriguez@example.com,Villa,450000,00
70,Marta Sánchez,+34 612 345 687,marta.sanchez@example.com,Penthouse,600000,00
71,Thérèse Renaud,+33 1 23 45 67 94,therese.renaud@example.com,Mansion,700000,00
72,Michel Charbonneau,+33 1 23 45 67 95,michel.charbonneau@example.com,Farmhouse,350000,00
73,Isabelle Lefevre,+33 1 23 45 67 96,isabelle.lefevre@example.com,Bungalow,200000,00
74,Julien Lefevre,+33 1 23 45 67 97,julien.lefevre@example.com,Studio,150000,00
75,Françoise Dupuis,+33 1 23 45 67 98,francoise.dupuis@example.com,Loft,180000,00
76,Emma Brown,+1 (202) 555-1239,emma.brown@example.com,House,380000,00
77,William Davis,+1 (202) 555-1240,william.davis@example.com,Office,100000,00
78,Benjamin White,+1 (202) 555-1241,benjamin.white@example.com,Retail,70000,00
79,Lucas Taylor,+1 (202) 555-1242,lucas.taylor@example.com,Apartment,160000,00
80,Sophia Miller,+1 (202) 555-1243,sophia.miller@example.com,Condo,230000,00
81,Ryo Kato,+81 90-1234-5683,ryo.kato@example.com,House,400000,00
82,Yuki Inoue,+81 90-1234-5684,yuki.inoue@example.com,Land,500000,00
83,Haruto Fujimoto,+81 90-1234-5685,haruto.fujimoto@example.com,Villa,550000,00
84,Ayaka Takeda,+81 90-1234-5686,ayaka.takeda@example.com,Loft,210000,00
85,Takahiro Sato,+81 90-1234-5687,takahiro.sato@example.com,Bungalow,240000,00
86,Maria Souza,+55 11 91234-5683,maria.souza@example.com,Penthouse,750000,00
87,Roberta Silva,+55 11 91234-5684,roberta.silva@example.com,Farmhouse,400000,00
88,Fábio Pereira,+55 11 91234-5685,fabio.pereira@example.com,Condo,260000,00
89,Amanda Oliveira,+55 11 91234-5686,amanda.oliveira@example.com,Mansion,650000,00
91,tatata,tatata,tatata,tatata,87287,00
92,test,test,test,test,2687254,00
