ownerid,fullname,phonenumber,email,address
1,Michael Stevens,123-555-2001,michael.stevens@example.com,123 Main St
2,Sarah Mitchell,123-555-2002,sarah.mitchell@example.com,456 Oak Rd
3,John Wright,123-555-2003,john.wright@example.com,789 Pine Ln
4,Laura Harris,123-555-2004,laura.harris@example.com,101 Maple Ave
5,David Adams,123-555-2005,david.adams@example.com,202 Birch Blvd
6,Emily Walker,123-555-2006,emily.walker@example.com,303 Elm St
7,Thomas Robinson,123-555-2007,thomas.robinson@example.com,404 Cedar Dr
8,Olivia Taylor,123-555-2008,olivia.taylor@example.com,505 Walnut Pl
9,William Scott,123-555-2009,william.scott@example.com,606 Redwood Rd
10,Chloe Davis,123-555-2010,chloe.davis@example.com,707 Spruce Ln
11,James Harris,123-555-2011,james.harris@example.com,808 Ash St
12,Grace Clark,123-555-2012,grace.clark@example.com,909 Fir Dr
13,Sophia Young,123-555-2013,sophia.young@example.com,101 Pine Ln
14,Liam Walker,123-555-2014,liam.walker@example.com,202 Maple Ave
15,Mason Allen,123-555-2015,mason.allen@example.com,303 Birch Blvd
16,Harper Johnson,123-555-2016,harper.johnson@example.com,404 Cedar St
17,Aiden Lewis,123-555-2017,aiden.lewis@example.com,505 Oak Rd
18,Isabella Martin,123-555-2018,isabella.martin@example.com,606 Walnut Ln
19,Ethan Carter,123-555-2019,ethan.carter@example.com,707 Redwood Dr
20,Charlotte Perez,123-555-2020,charlotte.perez@example.com,808 Ash Rd
21,Carlos González,+34 612 345 683,carlos.gonzalez@example.com,Madrid, Spain
22,Maria Pérez,+34 612 345 684,maria.perez@example.com,Barcelona, Spain
23,Luis Rodríguez,+34 612 345 685,luis.rodriguez@example.com,Sevilla, Spain
24,Ana Martínez,+34 612 345 686,ana.martinez@example.com,Valencia, Spain
25,Javier López,+34 612 345 687,javier.lopez@example.com,Bilbao, Spain
26,André Dupont,+33 1 23 45 67 99,andre.dupont@example.com,Paris, France
27,Sophie Moreau,+33 1 23 45 68 00,sophie.moreau@example.com,Lyon, France
28,Pierre Lefevre,+33 1 23 45 68 01,pierre.lefevre@example.com,Marseille, France
29,Claire Dubois,+33 1 23 45 68 02,claire.dubois@example.com,Nice, France
30,Jean-Claude Martin,+33 1 23 45 68 03,jeanclaude.martin@example.com,Bordeaux, France
31,John Smith,+1 (202) 555-1244,john.smith@example.com,Washington, DC, USA
32,Emily Johnson,+1 (202) 555-1245,emily.johnson@example.com,New York, USA
33,Michael Williams,+1 (202) 555-1246,michael.williams@example.com,Los Angeles, USA
34,Sarah Brown,+1 (202) 555-1247,sarah.brown@example.com,Chicago, USA
35,David Jones,+1 (202) 555-1248,david.jones@example.com,Miami, USA
36,Akira Tanaka,+81 90-1234-5688,akira.tanaka@example.com,Tokyo, Japan
37,Yuki Suzuki,+81 90-1234-5689,yuki.suzuki@example.com,Osaka, Japan
38,Satoshi Yamamoto,+81 90-1234-5690,satoshi.yamamoto@example.com,Kyoto, Japan
39,Emi Takahashi,+81 90-1234-5691,emi.takahashi@example.com,Hokkaido, Japan
40,Hiroshi Kobayashi,+81 90-1234-5692,hiroshi.kobayashi@example.com,Fukuoka, Japan
41,Laura Silva,+55 11 91234-5689,laura.silva@example.com,São Paulo, Brazil
42,Gabriela Costa,+55 11 91234-5690,gabriela.costa@example.com,Rio de Janeiro, Brazil
43,João Oliveira,+55 11 91234-5691,joao.oliveira@example.com,Salvador, Brazil
44,Rafael Santos,+55 11 91234-5692,rafael.santos@example.com,Belo Horizonte, Brazil
45,Isabela Martins,+55 11 91234-5693,isabela.martins@example.com,Curitiba, Brazil
46,ТестовТестТестович,+01234567891,test@test.test,testtesttesty
47,test,test,test,test
