realestateid,category,address,area,price,description,ownerid
85,Apartment,Calle Gran Vía, 1, Madrid, Spain,85,5,220000,00,Modern apartment with great city views.,1
86,Condo,Carrer de Pau Claris, 25, Barcelona, Spain,120,300000,00,Luxury condo with a pool and gym.,2
87,Loft,Avenida Diagonal, 100, Barcelona, Spain,95,250000,00,Spacious loft in the city center.,3
88,Villa,Calle de Valencia, 18, Sevilla, Spain,180,550000,00,Beautiful villa with private garden.,4
5,Apartment,123 Main St,70,5,150000,00,Cozy 2-bedroom apartment in the city center.,1
6,House,456 Oak Rd,150,350000,00,Spacious 4-bedroom house with a large garden.,2
7,Villa,789 Pine Ln,300,500000,00,Luxury villa with a private pool and garden.,3
8,Studio,101 Maple Ave,35,180000,00,Modern studio apartment ideal for singles.,4
9,Condo,202 Birch Blvd,85,250000,00,Stylish condo with a balcony and great view.,5
10,Townhouse,303 Elm St,120,280000,00,Comfortable townhouse in a quiet neighborhood.,6
11,Penthouse,404 Cedar Dr,150,600000,00,Exclusive penthouse with a panoramic city view.,7
12,Cottage,505 Walnut Pl,50,210000,00,Charming cottage near the beach.,8
13,Mansion,606 Redwood Rd,500,800000,00,Opulent mansion with multiple bedrooms and a large pool.,9
14,Farmhouse,707 Spruce Ln,250,400000,00,Rustic farmhouse with a barn and plenty of land.,10
15,Bungalow,808 Ash St,100,220000,00,Cozy bungalow with a small garden.,11
16,Loft,909 Fir Dr,110,230000,00,Spacious loft with high ceilings and modern finishes.,12
17,Duplex,101 Pine Ln,140,300000,00,Bright duplex with a large living area.,13
18,Office,202 Maple Ave,80,100000,00,Commercial office space in a business district.,14
19,Retail,303 Birch Blvd,120,50000,00,Small retail shop in a busy shopping area.,15
20,Commercial,404 Cedar St,200,70000,00,Commercial space with large windows and open floor plan.,16
21,Industrial,505 Oak Rd,500,70000,00,Large industrial warehouse in an industrial zone.,17
22,Land,606 Walnut Ln,1000,300000,00,Plot of land ideal for development.,18
23,Resort,707 Redwood Dr,350,600000,00,Luxury resort with multiple amenities and beach access.,19
24,Warehouse,808 Ash Rd,700,120000,00,Large warehouse with high ceilings and easy access.,20
89,Penthouse,Calle del Mar, 10, Valencia, Spain,140,700000,00,Penthouse with panoramic views and terrace.,5
90,Mansion,8 Rue de la Paix, Paris, France,350,1500000,00,Luxury mansion with historical architecture.,6
91,Farmhouse,17 Chemin de la Montagne, Lyon, France,220,800000,00,Quaint farmhouse in the countryside.,7
92,Bungalow,58 Rue des Églises, Marseille, France,85,180000,00,Cozy bungalow near the beach.,8
93,Townhouse,3 Boulevard de la Liberté, Nice, France,130,400000,00,Stylish townhouse in a popular neighborhood.,9
94,Condo,22 Rue de la République, Bordeaux, France,100,250000,00,Condo with modern amenities and great transport links.,10
95,House,1600 Pennsylvania Ave, Washington, DC, USA,500,3000000,00,Historic house in the heart of Washington D.C.,11
96,Office,123 Main Street, New York, USA,200,1200000,00,Prime office space in a business district.,12
97,Retail,2005 Sunset Blvd, Los Angeles, USA,150,500000,00,Retail store with high foot traffic.,13
98,Apartment,1300 Pacific Ave, Miami, USA,90,200000,00,Sunny apartment close to the beach.,14
99,Studio,750 North Broadway, Chicago, USA,50,120000,00,Compact studio apartment in downtown Chicago.,15
100,Villa,5-2-1 Roppongi, Tokyo, Japan,200,450000,00,Luxury villa with a traditional Japanese garden.,16
101,Loft,Shibuya 1-3-8, Tokyo, Japan,90,280000,00,Stylish loft in the trendy Shibuya district.,17
102,Bungalow,1-11-2 Omotesando, Tokyo, Japan,80,220000,00,Charming bungalow with a Japanese garden.,18
103,Condo,2-9-6 Shinjuku, Tokyo, Japan,120,350000,00,Modern condo with great views of the city skyline.,19
104,Apartment,3-3-6 Ginza, Tokyo, Japan,110,300000,00,Conveniently located apartment in the heart of Tokyo.,20
105,Farmhouse,Rua das Palmeiras, São Paulo, Brazil,220,600000,00,Spacious farmhouse with large backyard.,21
106,Loft,Av. Brigadeiro Luís Antônio, São Paulo, Brazil,95,200000,00,Cozy loft in the center of São Paulo.,22
107,Townhouse,Rua dos Três Irmãos, Rio de Janeiro, Brazil,150,400000,00,Elegant townhouse with ocean views.,23
108,Villa,Rua do Porto, Recife, Brazil,180,500000,00,Luxury villa with swimming pool and private dock.,24
109,Condo,Avenida Atlântica, Rio de Janeiro, Brazil,120,300000,00,Condo near Copacabana beach.,25
110,Mansion,Avenida Brigadeiro Faria Lima, São Paulo, Brazil,350,1200000,00,Grand mansion in one of the most exclusive areas of São Paulo.,26
111,Apartment,Rua José Bonifácio, Belo Horizonte, Brazil,90,180000,00,Compact apartment with great amenities.,27
112,Penthouse,Rua Maranhão, Curitiba, Brazil,160,700000,00,Modern penthouse with a private terrace.,28
113,Bungalow,Rua do Sol, Salvador, Brazil,80,150000,00,Simple bungalow in a quiet area.,29
114,House,Rua Rio Branco, Porto Alegre, Brazil,200,400000,00,House with large garden and parking space.,30
115,Villa,Avenida dos Estados, São Paulo, Brazil,250,850000,00,Spacious villa in a quiet neighborhood.,31
116,Loft,Rua dos Três Irmãos, Rio de Janeiro, Brazil,100,250000,00,Loft with stunning sea views.,32
117,Condo,Avenida Atlântica, Rio de Janeiro, Brazil,120,320000,00,Oceanfront condo with great amenities.,33
118,House,Rua de Caxias, Curitiba, Brazil,180,400000,00,Charming house with a private garden.,34
119,Mansion,Avenida Paulista, São Paulo, Brazil,400,1500000,00,Luxury mansion with private swimming pool.,35
120,Apartment,Rua do Sol, Salvador, Brazil,85,180000,00,Cozy apartment in a historical area.,36
121,Townhouse,Rua das Palmeiras, São Paulo, Brazil,150,350000,00,Townhouse with modern design and private garden.,37
122,Condo,Rua do Porto, Recife, Brazil,130,250000,00,Stylish condo near the beach.,38
123,Loft,Rua José Bonifácio, Belo Horizonte, Brazil,95,220000,00,Loft in the heart of the city center.,39
124,Bungalow,Rua Maranhão, Curitiba, Brazil,80,160000,00,Simple bungalow with a large backyard.,40
125,Villa,Rua Rio Branco, Porto Alegre, Brazil,220,500000,00,Modern villa with large garden.,41
126,House,Avenida Atlântica, Rio de Janeiro, Brazil,210,450000,00,Elegant house near the beach.,42
127,Penthouse,Rua do Sol, Salvador, Brazil,150,350000,00,Penthouse with ocean views.,43
128,Farmhouse,Rua dos Três Irmãos, Rio de Janeiro, Brazil,200,500000,00,Farmhouse with a large garden and barn.,44
129,Condo,Rua das Palmeiras, São Paulo, Brazil,120,280000,00,Condo with great transport links.,45
130,test,test,51,4656763,00,,6
131,test,test,2045,2574,00,,6
